"File","Key","Comment","EnglishValue","TurkishValue","NewLanguageValue"
"AboutBox.resx","$this.Text",,"About {0}","{0} Hakkƒ±nda",""
"AboutBox.resx","associateFileExtensionCheckBox.Text",,"Associate with .parquet files",".parquet dosyalarƒ± ile ili≈ükilendir",""
"AboutBox.resx","labelCompanyName.Text",,"Author: Mukunku","Yazar: Mukunku",""
"AboutBox.resx","labelCopyright.Text",,"Copyright","Telif Hakkƒ±",""
"AboutBox.resx","labelProductName.Text",,"Product Name","√úr√ºn ƒ∞smi",""
"AboutBox.resx","labelVersion.Text",,"Version {0}{1}","S√ºr√ºm {0}{1}",""
"AboutBox.resx","newVersionLabel.Text",,"(Latest: {0})","(G√ºncel: {0})",""
"CustomDateFormatInputForm.resx","$this.Text",,"ParquetViewer - Date Format Configuration","ParquetViewer - Tarih Formatƒ± Ayarƒ±",""
"CustomDateFormatInputForm.resx","dateFormatDocsLinkLabel.Text",,"Click here to see all format specifiers","T√ºm format dizeleri i√ßin buraya tƒ±klayƒ±n",""
"CustomDateFormatInputForm.resx","desiredDateFormatTextBox.PlaceholderText",,"E.g. yyyy-MM-dd hh:mm:ss tt","√ñrnek: yyyy-MM-dd hh:mm:ss tt",""
"CustomDateFormatInputForm.resx","label1.Text",,"Enter your desired date format:","Dilediƒüiniz tarih formatƒ±nƒ± girin:",""
"CustomDateFormatInputForm.resx","label12.Text",,"The second, from 00 to 59.","Saniye, 00'dan 59'a.",""
"CustomDateFormatInputForm.resx","label15.Text",,"The month, from 1 to 12.","Ay, 1'den 12'ye.",""
"CustomDateFormatInputForm.resx","label18.Text",,"The minute, from 0 to 59.","Dakika, 0'dan 59'a.",""
"CustomDateFormatInputForm.resx","label21.Text",,"The month, from 01 to 12.","Ay, 01'den 12'ye",""
"CustomDateFormatInputForm.resx","label24.Text",,"The minute, from 00 to 59.","Dakika, 00'dan 59'a.",""
"CustomDateFormatInputForm.resx","label27.Text",,"The year, from 00 to 99.","Yƒ±l, 00'dan 99'a.",""
"CustomDateFormatInputForm.resx","label3.Text",,"The day of the month, from 1 to 31.","Ayƒ±n g√ºn√º 1'den 31'e.",""
"CustomDateFormatInputForm.resx","label30.Text",,"The hour, using a 12-hour clock from 01 to 12.","Saat, 12-saatlik dilimler 01'den 12'ye.",""
"CustomDateFormatInputForm.resx","label33.Text",,"The year as a four-digit number.","Yƒ±l, d√∂rt basamaklƒ± sayƒ± olarak.",""
"CustomDateFormatInputForm.resx","label36.Text",,"The hour, using a 24-hour clock from 00 to 23.","Saat, 24-saatlik dilim 00'dan 23'e.",""
"CustomDateFormatInputForm.resx","label38.Text",,"Format specifier","Format dizesi",""
"CustomDateFormatInputForm.resx","label39.Text",,"Description","A√ßƒ±klama",""
"CustomDateFormatInputForm.resx","label40.Text",,"Examples","√ñrnekler",""
"CustomDateFormatInputForm.resx","label45.Text",,"The AM/PM designator.","AM/PM belirteci.",""
"CustomDateFormatInputForm.resx","label48.Text",,"The milliseconds in a date and time value.","Zamanlƒ± tarihlerdeki milisaniye deƒüeri.",""
"CustomDateFormatInputForm.resx","label54.Text",,"The ten millionths of a second in a date and time.","Zaman deƒüerindeki saniyenin on milyonda biri.",""
"CustomDateFormatInputForm.resx","label56.Text",,"Live preview:","Canlƒ± √∂nizleme:",""
"CustomDateFormatInputForm.resx","label6.Text",,"The second, from 0 to 59.","Saniye, 0'dan 59'a.",""
"CustomDateFormatInputForm.resx","label9.Text",,"The day of the month, from 01 to 31.","Ayƒ±n g√ºn√º 01'den 31'e.",""
"CustomDateFormatInputForm.resx","livePreviewTextBox.PlaceholderText",,"üëàüèΩ Start typing to preview your date format","üëàüèΩ √ñnizleme i√ßin yazmaya ba≈ülayƒ±n",""
"CustomDateFormatInputForm.resx","saveDateFormatButton.Text",,"Save","Kaydet",""
"FieldSelectionDialog.resx","$this.Text",,"Select Fields to Load","Y√ºklenecek Alanlarƒ± Se√ßin",""
"FieldSelectionDialog.resx","allFieldsRadioButton.Text",,"All Fields","T√ºm Alanlar",""
"FieldSelectionDialog.resx","doneButton.Text",,"Done","Bitti",""
"FieldSelectionDialog.resx","filterColumnsTextbox.PlaceholderText",,"Search by name","Alan ismi ile filtreleyin",""
"FieldSelectionDialog.resx","rememberMyChoiceCheckBox.Text",,"Remember My Choice","Se√ßimimi Hatƒ±rla",""
"FieldSelectionDialog.resx","showSelectedFieldsRadioButton.Text",,"Selected Fields (Count: {0}):","Se√ßilmi≈ü Alanlar (Sayƒ±: {0}):",""
"MainForm.resx","$this.Text",,"New Parquet File","Yeni Parquet Dosyasƒ±",""
"MainForm.resx","aboutToolStripMenuItem.Text",,"&About...","Hakkƒ±nda",""
"MainForm.resx","alwaysLoadAllRecordsToolStripMenuItem.Text",,"Always Load All Records","Hep T√ºm Kayitlarƒ± Y√ºkle",""
"MainForm.resx","alwaysLoadAllRecordsToolStripMenuItem.ToolTipText",,"When opening a new file ParquetViewer will load all records","Yeni dosya a√ßarken ParquetViewer dosyadaki t√ºm kayƒ±tlarƒ± y√ºkler",""
"MainForm.resx","changeDateFormatToolStripMenuItem.Text",,"Date Format","Tarih Formatƒ±",""
"MainForm.resx","changeFieldsMenuStripButton.Text",,"Add/Remove &Fields","Alan Ekle/√áƒ±kar",""
"MainForm.resx","clearFilterButton.Text",,"Clear","Temizle",""
"MainForm.resx","customDateFormatToolStripMenuItem.Text",,"Custom...","√ñzel...",""
"MainForm.resx","darkModeToolStripMenuItem.Text",,"Dark Mode","Gece Modu",""
"MainForm.resx","defaultToolStripMenuItem.ToolTipText",,"Local date format","Yerel tarih formatƒ±",""
"MainForm.resx","editToolStripMenuItem.Text",,"&Edit","D√ºzen",""
"MainForm.resx","exitToolStripMenuItem.Text",,"Exit","Kapat",""
"MainForm.resx","fileToolStripMenuItem.Text",,"&File","Dosya",""
"MainForm.resx","getSQLCreateTableScriptToolStripMenuItem.Text",,"Get SQL Create Table Script","SQL Create Table Sorgusu Olu≈ütur",""
"MainForm.resx","getSQLCreateTableScriptToolStripMenuItem.ToolTipText",,"The schema will match the fields you've loaded","Tablo ≈üemasƒ± y√ºklenen alanlarƒ± i√ßerecektir",""
"MainForm.resx","helpToolStripMenuItem.Text",,"&Help","Yardƒ±m",""
"MainForm.resx","languageToolStripMenuItem.Text",,"Language","Dil",""
"MainForm.resx","loadAllRowsButton.ToolTip",,"Load all records (Ctrl+E)","T√ºm kayƒ±tlarƒ± y√ºkle (Ctrl+E)",""
"MainForm.resx","metadataViewerToolStripMenuItem.Text",,"Metadata Viewer","Metadata √ñnizleyicisi",""
"MainForm.resx","newToolStripMenuItem.Text",,"&New","Yeni",""
"MainForm.resx","openFolderToolStripMenuItem.Text",,"&Open Folder","Klas√∂r A√ß",""
"MainForm.resx","openFolderToolStripMenuItem.ToolTipText",,"All parquet files in the folder must have the same schema","Klas√∂rdeki t√ºm parquet dosyalarƒ± aynƒ± veri ≈üemasƒ±na sahip olmalƒ±dƒ±r",""
"MainForm.resx","openToolStripMenuItem.Text",,"&Open File","Dosya A√ß",""
"MainForm.resx","outOfStatusBarLabel.Text",,"Out of:","Toplam:",""
"MainForm.resx","recordsTextStatusBarLabel.Text",,"Results","Sonu√ß",""
"MainForm.resx","recordsToLabel.Text",,"Record Count:","Kayƒ±t Sayƒ±sƒ±:",""
"MainForm.resx","runQueryButton.Text",,"&Execute","ƒ∞≈üle",""
"MainForm.resx","saveAsToolStripMenuItem.Text",,"Save Results As","Sonu√ßlarƒ± Kaydet",""
"MainForm.resx","searchFilterLabel.Text",,"Filter Query (?):","Sorgu Filtresi (?):",""
"MainForm.resx","shareAnonymousUsageDataToolStripMenuItem.Text",,"Share Usage Data","Kullanƒ±m Verisi Payla≈ü",""
"MainForm.resx","shareAnonymousUsageDataToolStripMenuItem.ToolTipText",,"See About page for link to privacy policy","Gizlilik politikasƒ± i√ßin Hakkƒ±nda sayfasƒ±na bakƒ±nƒ±z",""
"MainForm.resx","showingRecordCountStatusBarLabel.Text",,"Showing:","G√∂sterilen:",""
"MainForm.resx","showingStatusBarLabel.Text",,"Loaded:","Y√ºklenen:",""
"MainForm.resx","showRecordsFromLabel.Text",,"Record Offset:","Kayƒ±t Atla:",""
"MainForm.resx","toolsToolStripMenuItem.Text",,"Tools","Ara√ßlar",""
"MainForm.resx","userGuideToolStripMenuItem.Text",,"User Guide","Kullanƒ±cƒ± Kƒ±lavuzu",""
"MetadataViewer.resx","$this.Text",,"Parquet Metadata Viewer","Parquet Metadata √ñnizleyicisi",""
"MetadataViewer.resx","closeButton.Text",,"Close","Kapat",""
"MetadataViewer.resx","loadingTab.Text",,"Loading...","Y√ºkleniyor...",""
"QueryEditor.resx","$this.Text",,"ParquetViewer - Query Editor (Powered by DuckDB)","ParquetViewer - Sorgu Edit√∂r√º (DuckDB Desteƒüiyle)",""
"QueryEditor.resx","executeQueryButton.Text",,"Execute","ƒ∞≈üle",""
"QueryEditor.resx","queryExecutionStatusLabel.Text",,"Running:","ƒ∞≈üleniyor:",""
"QueryEditor.resx","queryRichTextBox.ServiceColors",,"
        AAEAAAD/////AQAAAAAAAAAMAgAAAERGYXN0Q29sb3JlZFRleHRCb3gsIEN1bHR1cmU9bmV1dHJhbCwg
        UHVibGljS2V5VG9rZW49ZmI4YWExMmI5OTRlZjYxYgwDAAAAUVN5c3RlbS5EcmF3aW5nLCBWZXJzaW9u
        PTQuMC4wLjAsIEN1bHR1cmU9bmV1dHJhbCwgUHVibGljS2V5VG9rZW49YjAzZjVmN2YxMWQ1MGEzYQUB
        AAAAIkZhc3RDb2xvcmVkVGV4dEJveE5TLlNlcnZpY2VDb2xvcnMGAAAAKDxDb2xsYXBzZU1hcmtlckZv
        cmVDb2xvcj5rX19CYWNraW5nRmllbGQoPENvbGxhcHNlTWFya2VyQmFja0NvbG9yPmtfX0JhY2tpbmdG
        aWVsZCo8Q29sbGFwc2VNYXJrZXJCb3JkZXJDb2xvcj5rX19CYWNraW5nRmllbGQmPEV4cGFuZE1hcmtl
        ckZvcmVDb2xvcj5rX19CYWNraW5nRmllbGQmPEV4cGFuZE1hcmtlckJhY2tDb2xvcj5rX19CYWNraW5n
        RmllbGQoPEV4cGFuZE1hcmtlckJvcmRlckNvbG9yPmtfX0JhY2tpbmdGaWVsZAQEBAQEBBRTeXN0ZW0u
        RHJhd2luZy5Db2xvcgMAAAAUU3lzdGVtLkRyYXdpbmcuQ29sb3IDAAAAFFN5c3RlbS5EcmF3aW5nLkNv
        bG9yAwAAABRTeXN0ZW0uRHJhd2luZy5Db2xvcgMAAAAUU3lzdGVtLkRyYXdpbmcuQ29sb3IDAAAAFFN5
        c3RlbS5EcmF3aW5nLkNvbG9yAwAAAAIAAAAF/P///xRTeXN0ZW0uRHJhd2luZy5Db2xvcgQAAAAEbmFt
        ZQV2YWx1ZQprbm93bkNvbG9yBXN0YXRlAQAAAAkHBwMAAAAKAAAAAAAAAACWAAEAAfv////8////CgAA
        AAAAAAAApAABAAH6/////P///woAAAAAAAAAAJYAAQAB+f////z///8KAAAAAAAAAACNAAEAAfj////8
        ////CgAAAAAAAAAApAABAAH3/////P///woAAAAAAAAAAJYAAQAL
","
        AAEAAAD/////AQAAAAAAAAAMAgAAAERGYXN0Q29sb3JlZFRleHRCb3gsIEN1bHR1cmU9bmV1dHJhbCwg
        UHVibGljS2V5VG9rZW49ZmI4YWExMmI5OTRlZjYxYgwDAAAAUVN5c3RlbS5EcmF3aW5nLCBWZXJzaW9u
        PTQuMC4wLjAsIEN1bHR1cmU9bmV1dHJhbCwgUHVibGljS2V5VG9rZW49YjAzZjVmN2YxMWQ1MGEzYQUB
        AAAAIkZhc3RDb2xvcmVkVGV4dEJveE5TLlNlcnZpY2VDb2xvcnMGAAAAKDxDb2xsYXBzZU1hcmtlckZv
        cmVDb2xvcj5rX19CYWNraW5nRmllbGQoPENvbGxhcHNlTWFya2VyQmFja0NvbG9yPmtfX0JhY2tpbmdG
        aWVsZCo8Q29sbGFwc2VNYXJrZXJCb3JkZXJDb2xvcj5rX19CYWNraW5nRmllbGQmPEV4cGFuZE1hcmtl
        ckZvcmVDb2xvcj5rX19CYWNraW5nRmllbGQmPEV4cGFuZE1hcmtlckJhY2tDb2xvcj5rX19CYWNraW5n
        RmllbGQoPEV4cGFuZE1hcmtlckJvcmRlckNvbG9yPmtfX0JhY2tpbmdGaWVsZAQEBAQEBBRTeXN0ZW0u
        RHJhd2luZy5Db2xvcgMAAAAUU3lzdGVtLkRyYXdpbmcuQ29sb3IDAAAAFFN5c3RlbS5EcmF3aW5nLkNv
        bG9yAwAAABRTeXN0ZW0uRHJhd2luZy5Db2xvcgMAAAAUU3lzdGVtLkRyYXdpbmcuQ29sb3IDAAAAFFN5
        c3RlbS5EcmF3aW5nLkNvbG9yAwAAAAIAAAAF/P///xRTeXN0ZW0uRHJhd2luZy5Db2xvcgQAAAAEbmFt
        ZQV2YWx1ZQprbm93bkNvbG9yBXN0YXRlAQAAAAkHBwMAAAAKAAAAAAAAAACWAAEAAfv////8////CgAA
        AAAAAAAApAABAAH6/////P///woAAAAAAAAAAJYAAQAB+f////z///8KAAAAAAAAAACNAAEAAfj////8
        ////CgAAAAAAAAAApAABAAH3/////P///woAAAAAAAAAAJYAAQAL
",""
"QueryEditor.resx","querySyntaxDocsButton.Text",,"Query Syntax","Sorgu S√∂z Dizimi",""
"QueryEditor.resx","toolStripStatusLabel1.Text",,"Showing:","G√∂sterilen:",""
"QueryEditor.resx","toolStripStatusLabel2.Text",,"Results","Sonu√ß",""
"QueryEditor.resx","zoomPercentageDropDown.Text",,"Query Zoom: 100%","Sorgu Zumu: 100%",""
"QuickPeekForm.resx","$this.Text",,"Quick Peek","Hƒ±zlƒ± √ñnizleme",""
"QuickPeekForm.resx","copyToClipboardToolStripMenuItem.Text",,"Copy to clipboard","Panoya kopyala",""
"QuickPeekForm.resx","saveImageToFileButton.Text",,"Save as PNG","PNG olarak Kaydet",""
"QuickPeekForm.resx","takeMeBackLinkLabel.Text",,"<<< back","<<< geri",""
"Errors.resx","CopyAsWhereTooLargeErrorMessage","Shown when the user right-click's on too many cells and selects the Copy as WHERE... option","The selected data is too large. Please select less cells.","√áok fazla veri se√ßili. L√ºtfen daha az h√ºcre se√ßin.",""
"Errors.resx","CopyAsWhereTooLargeErrorTitle","Shown when the user right-click's on too many cells and selects the Copy as WHERE... option","Copy to clipboard failed","Panoya kopyalama ba≈üarƒ±sƒ±z oldu",""
"Errors.resx","CopyErrorMessageText","Shown in the messagebox for unhandled exceptions to teach users how to copy the error text","(CTRL+C to copy)","(Kopyalamak i√ßin CTRL+C)",""
"Errors.resx","CopyRawMetadataFailedErrorMessage","Shown when the copy to clipboard operation fails. The text should prompt the user if they'd like to save the data to a file instead.","Failed to copy metadata to your clipboard. Save to a file instead?","Metadayƒ± panoya kopyalarken bir hata olu≈ütu. Veriyi dosyaya kaydetmek ister miydiniz?",""
"Errors.resx","CopyRawMetadataFailedErrorTitle","Shown when the copy to clipboard operation fails. ","Copy error","Kopyalama hatasƒ±",""
"Errors.resx","CopyToClipboardErrorTitle","Shown when copying to the clipboard fails","Copy to clipboard failed","Panoya kopyalama ba≈üarƒ±sƒ±z oldu",""
"Errors.resx","DecimalValueTooLargeErrorMessageFormat","Shown when a field contains decimal values outside the supported range for .NET","Field `{0}` with type DECIMAL({1}, {2}) contains values outside ParquetViewer's supported range between DECIMAL({3}, {4}) and DECIMAL({3}, 0)","DECIMAL({1}, {2}) tipli alan `{0}` ParquetViewer'ƒ±n desteklediƒüi aralƒ±ƒüƒ±n dƒ±≈üƒ±nda bulunuyor: DECIMAL({3}, {4}) ve DECIMAL({3}, 0)",""
"Errors.resx","DecimalValueTooLargeErrorTitle","Shown when a field contains decimal values outside the supported range for .NET","Decimal value too large","Decimal deƒüeri √ßok b√ºy√ºk",""
"Errors.resx","DecimalValueUnknownSizeTooLargeErrorMessageFormat","Shown when a field contains decimal values outside the supported range for .NET AND we don't know it's name, scale, or precision","Encountered DECIMAL data outside ParquetViewer's supported range between DECIMAL({3}, {4}) and DECIMAL({3}, 0)","ParquetViewer'ƒ±n desteklediƒüi aralƒ±ƒüƒ±n, DECIMAL({3}, {4}) ve DECIMAL({3}, 0), dƒ±≈üƒ±nda bir DECIMAL deƒüerine rastlanƒ±ldƒ±",""
"Errors.resx","ExportFailedErrorTitle","Shown when an exception is encountered during a file export","File export failed","Dosyaya aktarƒ±m ba≈üarƒ±sƒ±z oldu",""
"Errors.resx","FieldListGenerationError","Generic error shown when the field list in the field selection dialog cannot be rendered for some reason","Something went wrong while generating the field list.","Alan listesi olu≈üturulurken bir hata oldu.",""
"Errors.resx","FileAssociationFailedErrorMessageFormat","Shown when file association fails in the Help page","Something went wrong (Error code: {0}). Try running ParquetViewer as administrator and try again. ","Bir≈üey ters gitti (Hata kodu: {0}). ParquetViewer'ƒ± y√∂netici olarak √ßali≈ütƒ±rƒ±p tekrar deneyin.",""
"Errors.resx","FileAssociationFailedErrorTitle","Shown when file association fails in the Help page","File association failed","Uzanti ili≈ükilendirmesi ba≈üarƒ±sƒ±z oldu",""
"Errors.resx","GenericErrorMessage","Generic message preceding an actual error message","Something went wrong","Bir≈üey ters gitti",""
"Errors.resx","InvalidDateFormatErrorMessage","Shown in the custom date format dialog when the user tries to save an invalid date","Invalid date format. Please refer to the documentation for valid date format specifiers.","Ge√ßersiz tarih formatƒ±. Ge√ßerli format dizeleri i√ßin l√ºtfen d√∂k√ºmantasyona bakƒ±n.",""
"Errors.resx","InvalidDateFormatErrorTitle","Shown in the custom date format dialog when the user tries to save an invalid date","Invalid Date Format","Ge√ßersiz Tarih Formatƒ±",""
"Errors.resx","InvalidQueryErrorMessage","Thrown when an invalid query is executed","The query doesn't seem to be valid. Please try again.","Sorgu ge√ßerli g√∂z√ºkm√ºyor.",""
"Errors.resx","InvalidQueryErrorTitle","Shown when the user inputs an invalid filter query and clicks Execute","Invalid Query","Ge√ßersiz Sorgu",""
"Errors.resx","ListsWithNullsErrorMessage","Shown when using the Query Editor and a List field in the result contains nulls","Lists with null values are not supported. Relevant rows have been removed.","null i√ßeren Listeler desteklenmemektedir.",""
"Errors.resx","ListsWithNullsErrorTitle","Shown when using the Query Editor and a List field in the result contains nulls","Could not read all records","T√ºm kayƒ±tlar okunamadƒ±",""
"Errors.resx","MalformedFieldErrorMessageFormat","Shown to users when ParquetViewer fails to read a specific field. It should prompt the user to open a bug ticket if they believe the file is valid","{0}

If you think the file is valid please consider opening an issue in the GitHub repo. See: Help ‚Üí About","{0}

Eƒüer dosyanƒ±n aslƒ±nda ge√ßerli olduƒüunu d√º≈ü√ºn√ºyorsanƒ±z lutfen projenin GitHub repo'sunda sorunu bildirin: Yardƒ±m ‚Üí Hakkƒ±nda",""
"Errors.resx","MetadataReadErrorMessage","Shown if the metadata viewer fails to read the metadata of a file","Something went wrong while reading the file's metadata.","Dosyanƒ±n metadatasƒ±nƒ± okurken bir hata olu≈ütu.",""
"Errors.resx","MetadataReadErrorTitle","Shown if the metadata viewer fails to read the metadata of a file","Metadata Error","Metadata Hatasƒ±",""
"Errors.resx","MultipleSchemasDetectedEntriesErrorMessageFormat","Shown when the user tries to open a folder containing parquet files with different schemas","SCHEMA-{0} FIELDS (TOP 5):","≈ûEMA-{0} ALANLARI (TOP 5):",""
"Errors.resx","MultipleSchemasDetectedErrorMessage","Shown when the user tries to open a folder containing parquet files with different schemas","Multiple schemas detected.","Birden fazla ≈üema bulundu.",""
"Errors.resx","NestedListOfTypeNotSupportedMessageFormat","Tooltip text shown in the field selection dialog when hovering the cursor over an unsupported field. Example: ""Lists of Maps are..."", ""Map of Structs..."", ""Struct of Lists""..., etc.","{0} of {1}s are currently unsupported","{1} i√ßeren {0} alanlar ≈üu anda desteklenmiyor",""
"Errors.resx","NoFieldsFoundErrorMessage","Shown when the parquet file contains no fields","The selected file/folder doesn't have any fields.","Se√ßilen dosya/klas√∂r hi√ß alan i√ßermiyor.",""
"Errors.resx","NoFieldsFoundErrorTitle","Shown when the parquet file contains no fields","No fields found","Alan bulunamadƒ±",""
"Errors.resx","NoThriftMetadataAvailableErrorMessage","Fallback error just in case something goes catastrophically wrong while fetching metadata","No Thrift metadata available","Thrift metadata bulunamadƒ±",""
"Errors.resx","NoValidParquetFilesFoundErrorMessage","Shown when the user tries to open a folder and all found parquet files are invalid","No valid parquet files found in folder. Invalid parquet files:","Ge√ßerli parquet dosyasƒ± bulunamadƒ±. Bulunan ge√ßersiz dosyalar:",""
"Errors.resx","OpenFileNoLongerExistsErrorMessageFormat","Shown in the unlikely event where the open file(s) were somehow deleted","The specified file/folder no longer exists: {0}Please try opening a new file or folder.","Belirtilen dosya/klas√∂r artƒ±k bulunamƒ±yor: {0}L√ºtfen ba≈üka bir dosya veya klas√∂r a√ßƒ±n.",""
"Errors.resx","ParquetSchemaReadErrorMessage","Generic error shown when ParquetViewer is unable to read the schema of a parquet file","Could not read parquet schema.","Parquet ≈üemasƒ± okunamadƒ±.",""
"Errors.resx","QueryExecutionErrorTitle","Shown in the Query Editor when the query fails to run due to an unexpected exception","Error executing query","Sorgu i≈ülenirken bir hata olu≈ütu",""
"Errors.resx","RenderResultsErrorTitle","Shown when values can't be converted/shown in the Query Editor page","Error rendering results","Sonu√ßlar g√∂sterilirken bir hata olu≈ütu",""
"Errors.resx","SelectAtLeastOneFieldErrorMessage","Shown when the user tries to close the field selection dialog without selecting any fields","Please select at least one field","En az bir alan se√ßin",""
"Errors.resx","SelectAtLeastOneFieldErrorTitle","Shown when the user tries to close the field selection dialog without selecting any fields","Error","Hata",""
"Errors.resx","SomeInvalidParquetFilesFoundErrorMessage","Shown when the user tries to open a folder and some of the found parquet files are invalid","Some files could not be loaded. Invalid Parquet files:","Bazƒ± parquet dosyalarƒ± y√ºklenemedi. Bulunan ge√ßersiz dosyalar:",""
"Errors.resx","StructWithUnsupportedFieldErrorMessageFormat","Tooltip text shown in the field selection dialog when hovering the cursor over an unsupported struct field","Struct `{0}` contains unsupported field: `{1}`","Struct `{0}` desteklenmeyen bir alan i√ßeriyor: `{1}`",""
"Errors.resx","TooManyColumnsErrorTitle","Shown when the user tries to export data to an xls file that has too many columns","Too many columns","√áok fazla s√ºtun",""
"Errors.resx","TooManyColumnsXlsErrorMessageFormat","Shown when the user tries to export data to an xls file that has too many columns","The .xls file format supports a maximum of {0} columns.

Please try another file format or reduce the amount of columns you are exporting. Your columns: {1}",".xls dosya formatƒ± en fazla {0} s√ºtun desteklemektedir.

L√ºtfen farklƒ± bir dosya tipi se√ßin veya kaydetmeye √ßalƒ±≈ütƒ±ƒüƒ±nƒ±z alan sayƒ±sƒ±nƒ± azaltƒ±n. Alan sayƒ±nƒ±z: {1} ",""
"Errors.resx","TooManyColumnsXlsxErrorMessageFormat","Shown when the user tries to export data to an xlsx file that has too many columns","The .xlsx file format supports a maximum of {0} columns.

Please try another file format or reduce the amount of columns you are exporting. Your columns: {1}",".xlsx dosya formatƒ± en fazla {0} s√ºtun desteklemektedir.

L√ºtfen farklƒ± bir dosya tipi se√ßin veya kaydetmeye √ßalƒ±≈ütƒ±ƒüƒ±nƒ±z alan sayƒ±sƒ±nƒ± azaltƒ±n. Alan sayƒ±nƒ±z: {1} ",""
"Errors.resx","UnexpectedAssemblyVersionErrorFormat","Thrown in the rare case the executable has a non semantic version number","An unexpected assembly version was encountered: {0}","Beklenmedik bir program s√ºr√ºm√º ile kar≈üƒ±la≈üƒ±ldƒ±: {0}",""
"Errors.resx","UnexpectedFileReadErrorMessageFormat","Shown when we can't open a parquet file and we don't know why.","Could not load parquet file.

If the problem persists please consider opening a bug ticket in the project repo: Help ‚Üí About

{0}","Parquet dosyasƒ± okunamadƒ±.

Sorun devam ederse l√ºtfen projenin GitHub repo'suna bildirmeyi d√º≈ü√ºn√ºn: Yardƒ±m ‚Üí Hakkƒ±nda

{0}",""
"Errors.resx","UnknownFieldTypeErrorMessage","Fallback error message for a field type that isn't supported","Unknown field type","Bilinmeyen alan tipi",""
"Errors.resx","UnsupportedExportTypeFormat","Fallback error that is thrown if the user tries to export to a file extension we don't recognize.","Unsupported export type: '{0}'","Desteklenmeyen dosya tipi: '{0}'",""
"Strings.resx","AnalyticsConsentPromptMessage","Message box text that is shown when asking the user if we can gather analytics data","Would you like to share anonymous usage data to help make ParquetViewer better?

You can always change this setting later from the Help menu.","Anonim kullanƒ±m istatistikleri payla≈üarak ParquetViewer'a destek olmak ister miydiniz?

Tercihinizi Yardƒ±m men√ºsunden her zaman deƒüi≈ütirebilirsiniz.",""
"Strings.resx","AnalyticsConsentPromptTitle","Message box title that is shown when asking the user if we can gather analytics data","Share Anonymous Usage Data?","Anonim Kullanƒ±m Verisi Toplansƒ±n mƒ±?",""
"Strings.resx","ByteArraysNotSupportedErrorMessage","Shown when a byte[] type is in the results in the Query Editor window. As these types are currently not supported by DuckDB.","Unfortunately byte[] types are currently unsupported in query results. Values will be shown as null.","Ne yazƒ±k ki byte[] alanlar sorgu sonu√ßlarƒ±nda g√∂sterilememektedir. Deƒüerleri null olarak g√∂sterilecektir.",""
"Strings.resx","ByteArraysNotSupportedErrorTitle","Shown when a byte[] type is in the results in the Query Editor window. As these types are currently not supported by DuckDB.","Byte arrays not supported","Byte[] tipli sonu√ßlar desteklenmemektedir",""
"Strings.resx","CancelButtonText","Text to be shown on cancel buttons","Cancel","ƒ∞ptal Et",""
"Strings.resx","CancelInitiatedLabelText","Text to be shown between the time a user initiates a cancel operation and when it completes.","Cancelling...","ƒ∞ptal ediliyor...",""
"Strings.resx","CantGoBackLinkButtonText","Text shown when the quick peek window's link to go back to the source cell is clicked but the source cell no longer exists","can't go back","geri gidilemiyor",""
"Strings.resx","CopyAsWhereConditionText","Text shown for creating a where condition based on the current selection in the right-click context menu","Copy as WHERE...","WHERE olarak kopyala",""
"Strings.resx","CopyToClipboardText","Text shown for copying in the right-click context menu","Copy","Kopyala",""
"Strings.resx","CopyToClipboardWithHeadersText","Text shown for copying with headers in the right-click context menu","Copy with headers","Ba≈ülƒ±klarla kopyala",""
"Strings.resx","CreateTableScriptCopiedToClipboardMessage","Shown when the user clicks the tool to generate the SQL CREATE TABLE script for the open parquet file(s)","Create table script copied to clipboard!","Create table sorgusu panoya kopyalandƒ±!",""
"Strings.resx","CreateTableScriptFailedWithNoFieldsMessage","Shown if the user somehow tries to generate sql create table script without having any fields loaded","Please select some fields first to get the SQL script","SQL sorgusunu yaratmak i√ßin l√ºtfen √∂nce birka√ß alan se√ßin",""
"Strings.resx","DarkModePromptMessage","Message box text shown to the user asking if they'd like to switch to dark mode","Would you like to use ParquetViewer in Dark Mode?

You can always toggle this on/off from the Edit menu.","ParquetViewer'ƒ± Gece Modunda kullanmak ister misiniz?

Tercihinizi D√ºzen men√ºs√ºnden istediƒüiniz zaman deƒüi≈ütirebilirsiniz.",""
"Strings.resx","DarkModePromptTitle","Message box title shown to the user asking if they'd like to switch to dark mode","Switch to Dark Mode?","Gece Moduna Ge√ßilsin mi?",""
"Strings.resx","DecimalFormatting","When the user right-clicks on a decimal column header this is the text shown for the decimal formatting option.","Decimal","Desimal",""
"Strings.resx","DecimalScientificFormatting","When the user right-clicks on a decimal column header this is the text shown for the scientific formatting option.","Scientific","Bilimsel",""
"Strings.resx","DeselectAllCheckmarkTextFormat","Shown in the field selection dialog to bulk deselect checkmarks","Deselect All (Count: {0})","Se√ßimleri Kaldƒ±r (Sayƒ±: {0})",""
"Strings.resx","DimensionsText","Shown in the title bar of quick peek windows for image previews","Dimensions","Boyutlar",""
"Strings.resx","DotNetDateFormatHelpUrl","This is the link that the user will be taken to if they click on the link label at the bottom of the custom date format configuration screen.","https://docs.microsoft.com/en-us/dotnet/standard/base-types/custom-date-and-time-format-strings","https://docs.microsoft.com/tr-tr/dotnet/standard/base-types/custom-date-and-time-format-strings",""
"Strings.resx","ExportCancelledMessage","Shown when the user cancels the export operation before it completes","Export has been cancelled","Dosyaya kayƒ±t i≈ülemi iptal edilmi≈ütir",""
"Strings.resx","ExportCancelledTitle","Shown when the user cancels the export operation before it completes","Export Cancelled","Aktarma ƒ∞ptal Edildi",""
"Strings.resx","ExportingDataLabelText","Text shown while data is being exported to a file","Exporting Data","Veri Aktarƒ±lƒ±yor",""
"Strings.resx","ExportSuccessfulMessageFormat","Shown after a successful file export","Export successful!

File size: {0} MB","Sonu√ßlar ba≈üarƒ±yla kaydedildi!

Dosya boyutu: {0} MB",""
"Strings.resx","ExportSuccessfulTitle","Shown after a successful file export","Success","Aktarma ba≈üarƒ±lƒ±",""
"Strings.resx","FileExtensionAssociationCancelledMessage","Shown when the user clicks the X button on the UAC prompt AFTER we ask them if they'd like to associate ParquetViewer with parquet files","File association cancelled. If you change your mind and would like to change .parquet file association visit the Help ‚Üí About page.","Uzantƒ± ili≈ükilendirmesi iptal edildi. Fikrinizi deƒüi≈ütirirseniz Yardƒ±m ‚Üí Hakkƒ±nda sayfasƒ±ndan bu i≈ülemi tekrar ger√ßekle≈ütirebilirsiniz.",""
"Strings.resx","FileExtensionAssociationCancelledTitle","Shown when the user clicks the X button on the UAC prompt AFTER we ask them if they'd like to associate ParquetViewer with parquet files","File association cancelled","Uzantƒ± ili≈ükilendirmesi iptal edildi",""
"Strings.resx","FileExtensionAssociationFailedMessageFormat","Shown when file association fails AFTER we ask the user if they'd like to associate ParquetViewer with parquet files","Something went wrong (Error code: {0}).

You can try again from the Help ‚Üí About page.","Bir≈üey ters gitti (Hata kodu: {0}).

Bu i≈ülemi Yardƒ±m ‚Üí Hakkƒ±nda sayfasƒ±ndan tekrar deneyebilirsiniz.",""
"Strings.resx","FileExtensionAssociationFailedTitle","Shown when file association fails AFTER we ask the user if they'd like to associate ParquetViewer with parquet files","File association failed","Uzantƒ± ili≈ükilendirmesi ba≈üarƒ±sƒ±z oldu",""
"Strings.resx","FileExtensionAssociationPromptMessageFormat","Message box text shown when we ask the user if they'd like to associate .parquet files with ParquetViewer","Would you like to associate ParquetViewer with .parquet files?

Executable path: {0}

You can also toggle this setting from the Help ‚Üí About page.","ParquetViewer'ƒ± .parquet dosyalarƒ± i√ßin varsayƒ±lan uygulama olarak ili≈ükilendirmek ister miydiniz?

Uygulama konumu: {0}

Bu ayarƒ± Yardim ‚Üí Hakkinda sayfasƒ±nda da yapabilirsiniz.",""
"Strings.resx","FileExtensionAssociationPromptTitle","Message box title shown when we ask the user if they'd like to associate .parquet files with ParquetViewer","ParquetViewer file association request","ParquetViewer varsayƒ±lan uygulama isteƒüi",""
"Strings.resx","FileExtensionAssociationSucceededMessage","Shown when file association succeeds AFTER we ask the user if they'd like to associate ParquetViewer with parquet files","Success! ParquetViewer is now your default application for .parquet files.","Uzantƒ± ili≈ükilendirmesi ba≈üarƒ±lƒ± oldu! ParquetViewer .parquet dosyalarƒ± i√ßin varsayƒ±lan uygulamanƒ±z olarak ayarlanmƒ±≈ütƒ±r.",""
"Strings.resx","FileExtensionAssociationSucceededTitle","Shown when file association succeeds AFTER we ask the user if they'd like to associate ParquetViewer with parquet files","File association succeeded","Uzantƒ± ili≈ükilendirmesi ba≈üarƒ±lƒ±",""
"Strings.resx","ImageSavedToDiskMessage","Shown when an image is successfully saved to disk from the quick peek form","Image saved to {0}","G√∂r√ºnt√º kaydedildi: {0}",""
"Strings.resx","ImageSavedToDiskTitle","Shown when an image is successfully saved to disk from the quick peek form","Save complete","Kayƒ±t tamamlandƒ±",""
"Strings.resx","IndexingDataLabelText","Text shown while data is being indexed","Indexing","Dizinleniyor",""
"Strings.resx","InvalidDateFormatErrorText","Text shown in the custom date format preview textbox when an invalid format is specified","invalid date format","ge√ßersiz tarih formatƒ±",""
"Strings.resx","LanguageChangeConfirmationMessage","Shown when the user clicks on a different UI language from the help menu","Changing the language requires an app restart. Would you like to continue?","Dili deƒüi≈ütirmek i√ßin uygulamanƒ±n yeniden ba≈ülatƒ±lmasi gerekiyor. Devam etmek ister misiniz?",""
"Strings.resx","LanguageChangeConfirmationTitle","Shown when the user clicks on a different UI language from the help menu","Restart ParquetViewer?","ParquetViewer'ƒ± yeniden ba≈ülat?",""
"Strings.resx","LoadedRecordCountRangeFormat","This is the value shown in the bottom right status bar once records are loaded from a parquet file. Example: ""0 to 1000""","{0} to {1}","{0} - {1}",""
"Strings.resx","LoadingDataLabelText","Text shown when data is being loaded from a parquet file","Loading Data","Veri Y√ºkleniyor",""
"Strings.resx","MainWindowOpenFileTitleFormat","Title format string when a new file is opened","File: {0}","Dosya: {0}",""
"Strings.resx","MainWindowOpenFolderTitleFormat","Title format string when a new folder is opened","Folder: {0}","Klas√∂r: {0}",""
"Strings.resx","MetadataSuccessfullyExportedToFileMessageFormat","Shown when raw thrift metadata is successfully exported to a file","Metadata successfully exported to: {0}","Metadata ba≈üarƒ±yla kaydedildi: {0}",""
"Strings.resx","MetadataSuccessfullyExportedToFileMessageTitle","Shown when raw thrift metadata is successfully exported to a file","Export complete","Kayƒ±t ba≈üarƒ±lƒ±",""
"Strings.resx","PrivacyPolicyLabelText","Title to be shown before the privacy policy","Privacy policy","Gizlilik politikasƒ±",""
"Strings.resx","QueryFinishedStatusText","Shown in the Query Editor status bar when the query finishes executing","Finished in:","Tamamlandƒ±:",""
"Strings.resx","QueryRunningStatusText","Shown in the Query Editor tool when the query is running","Running:","ƒ∞≈üleniyor:",""
"Strings.resx","QuerySyntaxHelpText","Shown when the user clicks on the Filter Query (?): link button","NULL CHECK: 
    WHERE field_name IS NULL
    WHERE field_name IS NOT NULL
DATETIME:   
    WHERE field_name >= #2000-12-31#
    WHERE field_name = #2000-01-13 01:00:00#
NUMERIC:
    WHERE field_name <= 123.4
    WHERE (field1 * field2) / 100 > 0.1
STRING:
    WHERE field_name LIKE '%value%' 
    WHERE field_name = 'equals value'
    WHERE field_name <> 'not equals'
IN CHECK:
    WHERE field_name IN (value1, value2)
    WHERE field_name NOT IN (value3, value4)
MULTIPLE CONDITIONS: 
    WHERE (field_1 = 0 AND field_2 <> 'value') OR field_3 IS NULL

Checkout 'Help ‚Üí User Guide' for more information.","NULL KONTROL√ú: 
    WHERE field_name IS NULL
    WHERE field_name IS NOT NULL
TARƒ∞H ve ZAMAN:   
    WHERE field_name >= #2000-12-31#
    WHERE field_name = #2000-01-13 01:00:00#
SAYISAL:
    WHERE field_name <= 123.4
    WHERE (field1 * field2) / 100 > 0.1
METƒ∞N:
    WHERE field_name LIKE '%value%' 
    WHERE field_name = 'equals value'
    WHERE field_name <> 'not equals'
IN KONTROL√ú:
    WHERE field_name IN (value1, value2)
    WHERE field_name NOT IN (value3, value4)
BIRDEN FAZLA KO≈ûUL: 
    WHERE (field_1 = 0 AND field_2 <> 'value') OR field_3 IS NULL

Daha fazla bilgi i√ßin: 'Hakkƒ±nda ‚Üí Kullanƒ±cƒ± Kƒ±lavuzu'",""
"Strings.resx","QuerySyntaxHelpTitle","Shown when the user clicks on the Filter Query (?): link button","Filter Query Syntax Examples","Sorgu Filtresi S√∂z Dizim √ñrnekleri",""
"Strings.resx","QueryZoomStatusTextFormat","Text format used in the Query Editor tool to display the current zoom level","Query Zoom: {0}%","Sorgu Zumu: {0}%",""
"Strings.resx","RecordsToBeExportedTitleFormat","Title shown on the save file dialog when the user is exporting data","{0} records will be exported","{0} kayƒ±t kaydedilecektir",""
"Strings.resx","SaveImageAsButtonText","Shown on the save image to file button in the quick peek form","Save image as {0}","Resmi {0} olarak kaydet",""
"Strings.resx","SaveImageToFileButtonTextFormat","Text template for the button to save an image preview to disk","Save as {0}","{0} olarak Kaydet",""
"Strings.resx","SaveRawMetadataToFileDialogTitle","Shown when falling back to saving the raw thrift metadata to a file instead of the clipboard","Save raw metadata","Ham metadatayƒ± kaydet",""
"Strings.resx","SelectAllCheckmarkTextFormat","Shown in the field selection dialog to bulk select checkmarks","Select All (Count: {0})","Hepsini Se√ß (Sayƒ±: {0})",""
"Strings.resx","SwitchFromXlsToXlsxMessageFormat","Shown when the user tries to export data to an xls file with too many characters in a single cell. The text should prompt the user if they want to switch to xlsx instead which supports more data in a single cell","Maximum {0} characters per cell are supported for {1} files.

Would you like to switch to a {2} file instead?","{1} dosyalarƒ± h√ºcre ba≈üƒ±na maksimum {0} karakter desteklemektedir. 

Onun yerine sonu√ßlari {2} dosyasƒ±na aktarmak ister misiniz?",""
"Strings.resx","SwitchFromXlsToXlsxMessageTitle","Shown when the user tries to export data to an xls file with too many characters in a single cell. The text should prompt the user if they want to switch to xlsx instead which supports more data in a single cell","Data too large - Switch export type?","Fazla uzun veri - Dosya tipi deƒüi≈ütirilsin mi?",""
"Strings.resx","ThriftMetadataCopiedToClipboardMessage","Shown when the user clicks the Copy Raw Thrift Metadata button","Raw Thrift metadata copied to clipboard.","Ham Thrift metadatasƒ± panoya kopyalandƒ±.",""
"Strings.resx","TooManyFieldsErrorFormat","Shown on the Field Selection Dialog when there are too many fields to filter by","Too many fields: {0}","Desteklenmeyen sayƒ±da alan: {0}",""
"Strings.resx","TypeText","Shown in the title bar of quick peek windows for image previews","Type","Format",""
"Strings.resx","UnsupportedFieldCountTextFormat","Shown in the field selection dialog to indicate how many fields are unsupported by ParquetViewer","Unsupported: {0}","Desteklenmeyen: {0}",""
"Strings.resx","UnsupportedFieldText","Shown in the field selection dialog next to field names to indicate the field is not supported for viewing with ParquetViewer","(Unsupported)","(Desteklenmiyor)",""
